{"v":"5.7.11","fr":60,"ip":0,"op":61,"w":101,"h":89,"nm":"[LOTTIE] Mic on off ","ddd":0,"assets":[],"layers":[{"ddd":0,"ind":1,"ty":3,"nm":"Color Control","sr":1,"ks":{"o":{"a":0,"k":0,"ix":11},"r":{"a":0,"k":0,"ix":10},"p":{"a":0,"k":[51,44,0],"ix":2,"l":2},"a":{"a":0,"k":[0,0,0],"ix":1,"l":2},"s":{"a":0,"k":[100,100,100],"ix":6,"l":2}},"ao":0,"ef":[{"ty":21,"nm":"Fill","np":9,"mn":"ADBE Fill","ix":1,"en":1,"ef":[{"ty":10,"nm":"Fill Mask","mn":"ADBE Fill-0001","ix":1,"v":{"a":0,"k":0,"ix":1}},{"ty":7,"nm":"All Masks","mn":"ADBE Fill-0007","ix":2,"v":{"a":0,"k":0,"ix":2}},{"ty":2,"nm":"Color","mn":"ADBE Fill-0002","ix":3,"v":{"a":1,"k":[{"i":{"x":[0.2],"y":[1]},"o":{"x":[0.4],"y":[0]},"t":0,"s":[0.20000000298,0.20000000298,0.20000000298,1]},{"i":{"x":[0.2],"y":[1]},"o":{"x":[0.4],"y":[0]},"t":30,"s":[0.869281113148,0,0.299987047911,1]},{"t":60,"s":[0.20000000298,0.20000000298,0.20000000298,1]}],"ix":3}},{"ty":7,"nm":"Invert","mn":"ADBE Fill-0006","ix":4,"v":{"a":0,"k":0,"ix":4}},{"ty":0,"nm":"Horizontal Feather","mn":"ADBE Fill-0003","ix":5,"v":{"a":0,"k":0,"ix":5}},{"ty":0,"nm":"Vertical Feather","mn":"ADBE Fill-0004","ix":6,"v":{"a":0,"k":0,"ix":6}},{"ty":0,"nm":"Opacity","mn":"ADBE Fill-0005","ix":7,"v":{"a":0,"k":1,"ix":7}}]}],"ip":0,"op":300,"st":0,"bm":0},{"ddd":0,"ind":2,"ty":4,"nm":"Line","sr":1,"ks":{"o":{"a":0,"k":100,"ix":11},"r":{"a":0,"k":0,"ix":10},"p":{"a":0,"k":[51.125,44.5,0],"ix":2,"l":2},"a":{"a":0,"k":[0.25,-0.125,0],"ix":1,"l":2},"s":{"a":0,"k":[92.193,92.193,100],"ix":6,"l":2}},"ao":0,"shapes":[{"ty":"gr","it":[{"ind":0,"ty":"sh","ix":1,"ks":{"a":0,"k":{"i":[[0,0],[0,0]],"o":[[0,0],[0,0]],"v":[[-42.75,-33.75],[43.25,33.5]],"c":false},"ix":2},"nm":"Path 1","mn":"ADBE Vector Shape - Group","hd":false},{"ty":"st","c":{"a":0,"k":[1,1,1,1],"ix":3,"x":"var $bm_rt;\n$bm_rt = thisComp.layer('Color Control').effect('Fill')('Color');"},"o":{"a":0,"k":100,"ix":4},"w":{"a":0,"k":10,"ix":5},"lc":2,"lj":3,"bm":0,"nm":"Stroke 1","mn":"ADBE Vector Graphic - Stroke","hd":false},{"ty":"tr","p":{"a":0,"k":[0,0],"ix":2},"a":{"a":0,"k":[0,0],"ix":1},"s":{"a":0,"k":[100,100],"ix":3},"r":{"a":0,"k":0,"ix":6},"o":{"a":0,"k":100,"ix":7},"sk":{"a":0,"k":0,"ix":4},"sa":{"a":0,"k":0,"ix":5},"nm":"Transform"}],"nm":"Shape 1","np":3,"cix":2,"bm":0,"ix":1,"mn":"ADBE Vector Group","hd":false},{"ty":"tm","s":{"a":1,"k":[{"i":{"x":[0.2],"y":[1]},"o":{"x":[0.4],"y":[0]},"t":30,"s":[0]},{"t":54,"s":[100]}],"ix":1},"e":{"a":1,"k":[{"i":{"x":[0.2],"y":[1]},"o":{"x":[0.4],"y":[0]},"t":0,"s":[0]},{"t":24,"s":[100]}],"ix":2},"o":{"a":0,"k":0,"ix":3},"m":1,"ix":2,"nm":"Trim Paths 1","mn":"ADBE Vector Filter - Trim","hd":false}],"ip":0,"op":300,"st":0,"bm":0},{"ddd":0,"ind":3,"ty":4,"nm":"Line Matte","td":1,"sr":1,"ks":{"o":{"a":0,"k":100,"ix":11},"r":{"a":0,"k":0,"ix":10},"p":{"a":0,"k":[45.375,51.5,0],"ix":2,"l":2},"a":{"a":0,"k":[0.25,-0.125,0],"ix":1,"l":2},"s":{"a":0,"k":[92.193,92.193,100],"ix":6,"l":2}},"ao":0,"shapes":[{"ty":"gr","it":[{"ty":"gr","it":[{"ind":0,"ty":"sh","ix":1,"ks":{"a":0,"k":{"i":[[0,0],[0,0]],"o":[[0,0],[0,0]],"v":[[-42.75,-33.75],[43.25,33.5]],"c":false},"ix":2},"nm":"Path 1","mn":"ADBE Vector Shape - Group","hd":false},{"ty":"tr","p":{"a":0,"k":[0.25,-0.125],"ix":2},"a":{"a":0,"k":[0.25,-0.125],"ix":1},"s":{"a":0,"k":[100,100],"ix":3},"r":{"a":0,"k":0,"ix":6},"o":{"a":0,"k":100,"ix":7},"sk":{"a":0,"k":0,"ix":4},"sa":{"a":0,"k":0,"ix":5},"nm":"Transform"}],"nm":"Group 1","np":1,"cix":2,"bm":0,"ix":1,"mn":"ADBE Vector Group","hd":false},{"ty":"st","c":{"a":0,"k":[0.976471007104,0,0,1],"ix":3},"o":{"a":0,"k":100,"ix":4},"w":{"a":0,"k":10,"ix":5},"lc":2,"lj":3,"bm":0,"nm":"Stroke 1","mn":"ADBE Vector Graphic - Stroke","hd":false},{"ty":"tr","p":{"a":0,"k":[0,0],"ix":2},"a":{"a":0,"k":[0,0],"ix":1},"s":{"a":0,"k":[100,100],"ix":3},"r":{"a":0,"k":0,"ix":6},"o":{"a":0,"k":100,"ix":7},"sk":{"a":0,"k":0,"ix":4},"sa":{"a":0,"k":0,"ix":5},"nm":"Transform"}],"nm":"Shape 1","np":3,"cix":2,"bm":0,"ix":1,"mn":"ADBE Vector Group","hd":false},{"ty":"tm","s":{"a":0,"k":0,"ix":1},"e":{"a":1,"k":[{"i":{"x":[0.2],"y":[1]},"o":{"x":[0.4],"y":[0]},"t":0,"s":[0]},{"t":24,"s":[100]}],"ix":2},"o":{"a":0,"k":0,"ix":3},"m":1,"ix":2,"nm":"Trim Paths 1","mn":"ADBE Vector Filter - Trim","hd":false},{"ty":"tm","s":{"a":1,"k":[{"i":{"x":[0.2],"y":[1]},"o":{"x":[0.4],"y":[0]},"t":30,"s":[0]},{"t":54,"s":[100]}],"ix":1},"e":{"a":0,"k":100,"ix":2},"o":{"a":0,"k":0,"ix":3},"m":1,"ix":3,"nm":"Trim Paths 2","mn":"ADBE Vector Filter - Trim","hd":false}],"ip":0,"op":300,"st":0,"bm":0},{"ddd":0,"ind":4,"ty":4,"nm":"Microphone","tt":2,"sr":1,"ks":{"o":{"a":0,"k":100,"ix":11},"r":{"a":0,"k":0,"ix":10},"p":{"a":0,"k":[51,44,0],"ix":2,"l":2},"a":{"a":0,"k":[0,0,0],"ix":1,"l":2},"s":{"a":0,"k":[100,100,100],"ix":6,"l":2}},"ao":0,"shapes":[{"ty":"gr","it":[{"ind":0,"ty":"sh","ix":1,"ks":{"a":0,"k":{"i":[[0,7.461],[0,0],[-7.461,0],[0,-7.461],[0,0],[0,-0.622],[0,0],[-0.829,0],[0,0],[0,0],[0,0],[0,-0.622],[0,0],[-0.829,0],[0,0],[0,0],[0,0],[0,-0.622],[0,0],[-0.829,0],[0,0],[7.461,0]],"o":[[0,0],[0,-7.461],[7.461,0],[0,0],[-0.829,0],[0,0],[0,0.622],[0,0],[0,0],[0,0],[-0.829,0],[0,0],[0,0.622],[0,0],[0,0],[0,0],[-0.829,0],[0,0],[0,0.622],[0,0],[0,7.461],[-7.461,0]],"v":[[-13.509,0],[-13.509,-22.515],[0,-36.024],[13.509,-22.515],[1.502,-22.515],[0,-21.39],[0,-19.138],[1.502,-18.012],[13.509,-18.012],[13.509,-13.509],[1.502,-13.509],[0,-12.383],[0,-10.132],[1.502,-9.006],[13.509,-9.006],[13.509,-4.503],[1.502,-4.503],[0,-3.377],[0,-1.126],[1.502,0],[13.509,0],[0,13.509]],"c":true},"ix":2},"nm":"Path 1","mn":"ADBE Vector Shape - Group","hd":false},{"ind":1,"ty":"sh","ix":2,"ks":{"a":0,"k":{"i":[[0,-1.244],[0,0],[12.061,-1.655],[0,0],[0,0],[0,-1.244],[0,0],[1.244,0],[0,0],[0,1.244],[0,0],[-1.244,0],[0,0],[0,0],[0,12.614],[0,0],[-1.244,0],[0,0],[0,-1.244],[0,0],[-9.358,-0.913],[0,10.526],[0,0],[-1.244,0],[0,0]],"o":[[0,0],[0,12.51],[0,0],[0,0],[1.244,0],[0,0],[0,1.244],[0,0],[-1.244,0],[0,0],[0,-1.244],[0,0],[0,0],[-12.388,-1.708],[0,0],[0,-1.244],[0,0],[1.244,0],[0,0],[0,9.402],[10.737,1.047],[0,0],[0,-1.244],[0,0],[1.244,0]],"v":[[24.767,-6.755],[24.767,0],[3.377,24.518],[3.377,29.27],[11.258,29.27],[13.509,31.521],[13.509,33.773],[11.258,36.024],[-11.258,36.024],[-13.509,33.773],[-13.509,31.521],[-11.258,29.27],[-3.377,29.27],[-3.377,24.464],[-24.767,-1.103],[-24.767,-6.755],[-22.515,-9.006],[-20.264,-9.006],[-18.012,-6.755],[-18.012,-0.802],[-1.8,17.925],[18.012,0],[18.012,-6.755],[20.264,-9.006],[22.515,-9.006]],"c":true},"ix":2},"nm":"Path 2","mn":"ADBE Vector Shape - Group","hd":false},{"ty":"fl","c":{"a":0,"k":[1,1,1,1],"ix":4,"x":"var $bm_rt;\n$bm_rt = thisComp.layer('Color Control').effect('Fill')('Color');"},"o":{"a":0,"k":100,"ix":5},"r":1,"bm":0,"nm":"Fill 1","mn":"ADBE Vector Graphic - Fill","hd":false},{"ty":"tr","p":{"a":0,"k":[0,0],"ix":2},"a":{"a":0,"k":[0,0],"ix":1},"s":{"a":0,"k":[100,100],"ix":3},"r":{"a":0,"k":0,"ix":6},"o":{"a":0,"k":100,"ix":7},"sk":{"a":0,"k":0,"ix":4},"sa":{"a":0,"k":0,"ix":5},"nm":"Transform"}],"nm":"Group 1","np":3,"cix":2,"bm":0,"ix":1,"mn":"ADBE Vector Group","hd":false}],"ip":0,"op":300,"st":0,"bm":0}],"markers":[{"tm":0,"cm":"Mic On","dr":0},{"tm":30,"cm":"Mic Off","dr":0},{"tm":60,"cm":"Mic On","dr":0}]}