{
  "v": "5.5.7",
  "meta": {
    "g": "LottieFiles AE 0.1.21",
    "a": "",
    "k": "",
    "d": "",
    "tc": ""
  },
  "fr": 60,
  "ip": 0,
  "op": 90,
  "w": 400,
  "h": 400,
  "nm": "thumb",
  "ddd": 0,
  "assets": [],
  "layers": [
    {
      "ddd": 0,
      "ind": 1,
      "ty": 4,
      "nm": "hand",
      "parent": 2,
      "sr": 1,
      "ks": {
        "o": {
          "a": 0,
          "k": 100,
          "ix": 11
        },
        "r": {
          "a": 0,
          "k": 0,
          "ix": 10
        },
        "p": {
          "a": 0,
          "k": [
            103.472,
            4.244,
            0
          ],
          "ix": 2
        },
        "a": {
          "a": 0,
          "k": [
            53.394,
            68.675,
            0
          ],
          "ix": 1
        },
        "s": {
          "a": 0,
          "k": [
            100,
            100,
            100
          ],
          "ix": 6
        }
      },
      "ao": 0,
      "shapes": [
        {
          "ty": "gr",
          "it": [
            {
              "ind": 0,
              "ty": "sh",
              "ix": 1,
              "ks": {
                "a": 0,
                "k": {
                  "i": [
                    [
                      22.246,
                      3.627
                    ],
                    [
                      0,
                      0
                    ],
                    [
                      1.99,
                      3.435
                    ],
                    [
                      1.701,
                      -33.385
                    ],
                    [
                      5.393,
                      -7.736
                    ],
                    [
                      8.824,
                      -5.323
                    ],
                    [
                      0.225,
                      -20.93
                    ],
                    [
                      -5.423,
                      -2.384
                    ],
                    [
                      0,
                      0
                    ],
                    [
                      1.316,
                      2.825
                    ],
                    [
                      -0.043,
                      0.179
                    ],
                    [
                      0,
                      0.064
                    ],
                    [
                      5.168,
                      3.981
                    ],
                    [
                      0,
                      0.064
                    ],
                    [
                      5.2,
                      1.83
                    ]
                  ],
                  "o": [
                    [
                      -12.84,
                      -2.825
                    ],
                    [
                      8.699,
                      -23.691
                    ],
                    [
                      -1.091,
                      -8.154
                    ],
                    [
                      -2.215,
                      10.176
                    ],
                    [
                      -6,
                      8.379
                    ],
                    [
                      0,
                      0
                    ],
                    [
                      5.88,
                      0.723
                    ],
                    [
                      27.575,
                      13.161
                    ],
                    [
                      13.996,
                      -2.215
                    ],
                    [
                      0.085,
                      -0.163
                    ],
                    [
                      0.161,
                      -0.257
                    ],
                    [
                      10.465,
                      -4.976
                    ],
                    [
                      0,
                      -0.161
                    ],
                    [
                      8.988,
                      -4.623
                    ],
                    [
                      6.099,
                      -0.61
                    ]
                  ],
                  "v": [
                    [
                      92.162,
                      52.168
                    ],
                    [
                      47.51,
                      54.479
                    ],
                    [
                      54.443,
                      12.138
                    ],
                    [
                      32.647,
                      19.489
                    ],
                    [
                      22.471,
                      48.797
                    ],
                    [
                      0,
                      69.567
                    ],
                    [
                      0,
                      127.188
                    ],
                    [
                      17.046,
                      131.875
                    ],
                    [
                      86.448,
                      130.334
                    ],
                    [
                      94.185,
                      112.871
                    ],
                    [
                      94.377,
                      112.358
                    ],
                    [
                      94.377,
                      111.876
                    ],
                    [
                      98.294,
                      91.845
                    ],
                    [
                      98.294,
                      91.492
                    ],
                    [
                      100.155,
                      71.718
                    ]
                  ],
                  "c": true
                },
                "ix": 2
              },
              "nm": "Path 1",
              "mn": "ADBE Vector Shape - Group",
              "hd": false
            },
            {
              "ind": 1,
              "ty": "sh",
              "ix": 2,
              "ks": {
                "a": 0,
                "k": {
                  "i": [
                    [
                      0.085,
                      -1.93
                    ],
                    [
                      0.016,
                      -0.192
                    ],
                    [
                      0,
                      0
                    ],
                    [
                      2.163,
                      0.389
                    ],
                    [
                      0,
                      0
                    ],
                    [
                      -0.37,
                      2.152
                    ],
                    [
                      0,
                      0
                    ],
                    [
                      -0.161,
                      0.266
                    ],
                    [
                      -1.823,
                      -0.322
                    ],
                    [
                      0,
                      0
                    ]
                  ],
                  "o": [
                    [
                      0.016,
                      0.192
                    ],
                    [
                      0,
                      0
                    ],
                    [
                      -0.391,
                      2.163
                    ],
                    [
                      0,
                      0
                    ],
                    [
                      -2.148,
                      -0.391
                    ],
                    [
                      0,
                      0
                    ],
                    [
                      0.052,
                      -0.307
                    ],
                    [
                      0.709,
                      -1.71
                    ],
                    [
                      0,
                      0
                    ],
                    [
                      1.895,
                      0.378
                    ]
                  ],
                  "v": [
                    [
                      47.51,
                      10.34
                    ],
                    [
                      47.51,
                      10.918
                    ],
                    [
                      46.739,
                      15.348
                    ],
                    [
                      42.117,
                      18.558
                    ],
                    [
                      38.682,
                      17.948
                    ],
                    [
                      35.472,
                      13.358
                    ],
                    [
                      36.274,
                      8.928
                    ],
                    [
                      36.595,
                      8.061
                    ],
                    [
                      40.929,
                      5.686
                    ],
                    [
                      44.364,
                      6.328
                    ]
                  ],
                  "c": true
                },
                "ix": 2
              },
              "nm": "Path 2",
              "mn": "ADBE Vector Shape - Group",
              "hd": false
            },
            {
              "ty": "fl",
              "c": {
                "a": 0,
                "k": [
                  0.388235330582,
                  0.529411792755,
                  0.949019670486,
                  1
                ],
                "ix": 4
              },
              "o": {
                "a": 0,
                "k": 100,
                "ix": 5
              },
              "r": 1,
              "bm": 0,
              "nm": "Fill 1",
              "mn": "ADBE Vector Graphic - Fill",
              "hd": false
            },
            {
              "ty": "tr",
              "p": {
                "a": 0,
                "k": [
                  0,
                  0
                ],
                "ix": 2
              },
              "a": {
                "a": 0,
                "k": [
                  0,
                  0
                ],
                "ix": 1
              },
              "s": {
                "a": 0,
                "k": [
                  100,
                  100
                ],
                "ix": 3
              },
              "r": {
                "a": 0,
                "k": 0,
                "ix": 6
              },
              "o": {
                "a": 0,
                "k": 100,
                "ix": 7
              },
              "sk": {
                "a": 0,
                "k": 0,
                "ix": 4
              },
              "sa": {
                "a": 0,
                "k": 0,
                "ix": 5
              },
              "nm": "Transform"
            }
          ],
          "nm": "hand",
          "np": 3,
          "cix": 2,
          "bm": 0,
          "ix": 1,
          "mn": "ADBE Vector Group",
          "hd": false
        }
      ],
      "ip": 0,
      "op": 300,
      "st": 0,
      "bm": 0
    },
    {
      "ddd": 0,
      "ind": 2,
      "ty": 4,
      "nm": "mans",
      "sr": 1,
      "ks": {
        "o": {
          "a": 0,
          "k": 100,
          "ix": 11
        },
        "r": {
          "a": 1,
          "k": [
            {
              "i": {
                "x": [
                  0.667
                ],
                "y": [
                  1
                ]
              },
              "o": {
                "x": [
                  0.333
                ],
                "y": [
                  0
                ]
              },
              "t": 18,
              "s": [
                0
              ]
            },
            {
              "i": {
                "x": [
                  0.174
                ],
                "y": [
                  1
                ]
              },
              "o": {
                "x": [
                  0.333
                ],
                "y": [
                  0
                ]
              },
              "t": 29,
              "s": [
                -11
              ]
            },
            {
              "i": {
                "x": [
                  0.667
                ],
                "y": [
                  1
                ]
              },
              "o": {
                "x": [
                  0.906
                ],
                "y": [
                  0
                ]
              },
              "t": 39,
              "s": [
                0
              ]
            },
            {
              "i": {
                "x": [
                  0.205
                ],
                "y": [
                  1
                ]
              },
              "o": {
                "x": [
                  0.333
                ],
                "y": [
                  0
                ]
              },
              "t": 48,
              "s": [
                -11
              ]
            },
            {
              "t": 58,
              "s": [
                0
              ]
            }
          ],
          "ix": 10
        },
        "p": {
          "a": 1,
          "k": [
            {
              "i": {
                "x": 0.667,
                "y": 1
              },
              "o": {
                "x": 0.333,
                "y": 0
              },
              "t": 9,
              "s": [
                143.492,
                231.974,
                0
              ],
              "to": [
                0,
                -3,
                0
              ],
              "ti": [
                0,
                3,
                0
              ]
            },
            {
              "i": {
                "x": 0.667,
                "y": 0.667
              },
              "o": {
                "x": 0.333,
                "y": 0.333
              },
              "t": 29,
              "s": [
                143.492,
                213.974,
                0
              ],
              "to": [
                0,
                0,
                0
              ],
              "ti": [
                0,
                0,
                0
              ]
            },
            {
              "i": {
                "x": 0.667,
                "y": 1
              },
              "o": {
                "x": 0.333,
                "y": 0
              },
              "t": 48,
              "s": [
                143.492,
                213.974,
                0
              ],
              "to": [
                0,
                3,
                0
              ],
              "ti": [
                0,
                -3,
                0
              ]
            },
            {
              "t": 71,
              "s": [
                143.492,
                231.974,
                0
              ]
            }
          ],
          "ix": 2
        },
        "a": {
          "a": 0,
          "k": [
            21.492,
            35.825,
            0
          ],
          "ix": 1
        },
        "s": {
          "a": 0,
          "k": [
            100,
            100,
            100
          ],
          "ix": 6
        }
      },
      "ao": 0,
      "shapes": [
        {
          "ty": "gr",
          "it": [
            {
              "ind": 0,
              "ty": "sh",
              "ix": 1,
              "ks": {
                "a": 0,
                "k": {
                  "i": [
                    [
                      0,
                      0
                    ],
                    [
                      0,
                      0
                    ],
                    [
                      0,
                      0
                    ],
                    [
                      0,
                      0
                    ]
                  ],
                  "o": [
                    [
                      0,
                      0
                    ],
                    [
                      0,
                      0
                    ],
                    [
                      0,
                      0
                    ],
                    [
                      0,
                      0
                    ]
                  ],
                  "v": [
                    [
                      0,
                      71.65
                    ],
                    [
                      42.983,
                      71.65
                    ],
                    [
                      42.983,
                      0
                    ],
                    [
                      0,
                      0
                    ]
                  ],
                  "c": true
                },
                "ix": 2
              },
              "nm": "Path 1",
              "mn": "ADBE Vector Shape - Group",
              "hd": false
            },
            {
              "ind": 1,
              "ty": "sh",
              "ix": 2,
              "ks": {
                "a": 0,
                "k": {
                  "i": [
                    [
                      -0.017,
                      1.243
                    ],
                    [
                      -2.566,
                      -0.012
                    ],
                    [
                      0.006,
                      -2.566
                    ],
                    [
                      2.567,
                      0
                    ],
                    [
                      0.876,
                      0.882
                    ]
                  ],
                  "o": [
                    [
                      0.018,
                      -2.566
                    ],
                    [
                      2.566,
                      0.012
                    ],
                    [
                      -0.006,
                      2.566
                    ],
                    [
                      -1.243,
                      0.009
                    ],
                    [
                      -0.876,
                      -0.882
                    ]
                  ],
                  "v": [
                    [
                      29.276,
                      64.331
                    ],
                    [
                      33.952,
                      59.708
                    ],
                    [
                      38.585,
                      64.373
                    ],
                    [
                      33.931,
                      69.017
                    ],
                    [
                      30.618,
                      67.652
                    ]
                  ],
                  "c": true
                },
                "ix": 2
              },
              "nm": "Path 2",
              "mn": "ADBE Vector Shape - Group",
              "hd": false
            },
            {
              "ty": "fl",
              "c": {
                "a": 0,
                "k": [
                  0.223529428244,
                  0.35686275363,
                  0.890196144581,
                  1
                ],
                "ix": 4
              },
              "o": {
                "a": 0,
                "k": 100,
                "ix": 5
              },
              "r": 1,
              "bm": 0,
              "nm": "Fill 1",
              "mn": "ADBE Vector Graphic - Fill",
              "hd": false
            },
            {
              "ty": "tr",
              "p": {
                "a": 0,
                "k": [
                  0,
                  0
                ],
                "ix": 2
              },
              "a": {
                "a": 0,
                "k": [
                  0,
                  0
                ],
                "ix": 1
              },
              "s": {
                "a": 0,
                "k": [
                  100,
                  100
                ],
                "ix": 3
              },
              "r": {
                "a": 0,
                "k": 0,
                "ix": 6
              },
              "o": {
                "a": 0,
                "k": 100,
                "ix": 7
              },
              "sk": {
                "a": 0,
                "k": 0,
                "ix": 4
              },
              "sa": {
                "a": 0,
                "k": 0,
                "ix": 5
              },
              "nm": "Transform"
            }
          ],
          "nm": "mans",
          "np": 3,
          "cix": 2,
          "bm": 0,
          "ix": 1,
          "mn": "ADBE Vector Group",
          "hd": false
        }
      ],
      "ip": 0,
      "op": 300,
      "st": 0,
      "bm": 0
    },
    {
      "ddd": 0,
      "ind": 3,
      "ty": 4,
      "nm": "circleFİllstroke",
      "sr": 1,
      "ks": {
        "o": {
          "a": 0,
          "k": 100,
          "ix": 11
        },
        "r": {
          "a": 0,
          "k": 0,
          "ix": 10
        },
        "p": {
          "a": 0,
          "k": [
            201,
            200,
            0
          ],
          "ix": 2
        },
        "a": {
          "a": 0,
          "k": [
            0,
            0,
            0
          ],
          "ix": 1
        },
        "s": {
          "a": 0,
          "k": [
            72,
            72,
            100
          ],
          "ix": 6
        }
      },
      "ao": 0,
      "shapes": [
        {
          "ty": "gr",
          "it": [
            {
              "d": 1,
              "ty": "el",
              "s": {
                "a": 0,
                "k": [
                  444,
                  444
                ],
                "ix": 2
              },
              "p": {
                "a": 0,
                "k": [
                  0,
                  0
                ],
                "ix": 3
              },
              "nm": "Ellipse Path",
              "mn": "ADBE Vector Shape - Ellipse",
              "hd": false
            },
            {
              "ty": "fl",
              "c": {
                "a": 0,
                "k": [
                  0.223529428244,
                  0.35686275363,
                  0.890196144581,
                  1
                ],
                "ix": 4
              },
              "o": {
                "a": 0,
                "k": 40,
                "ix": 5
              },
              "r": 1,
              "bm": 0,
              "nm": "Fill 2",
              "mn": "ADBE Vector Graphic - Fill",
              "hd": false
            },
            {
              "ty": "tr",
              "p": {
                "a": 0,
                "k": [
                  0,
                  0
                ],
                "ix": 2
              },
              "a": {
                "a": 0,
                "k": [
                  0,
                  0
                ],
                "ix": 1
              },
              "s": {
                "a": 1,
                "k": [
                  {
                    "i": {
                      "x": [
                        0.667,
                        0.667
                      ],
                      "y": [
                        1,
                        1
                      ]
                    },
                    "o": {
                      "x": [
                        0.333,
                        0.333
                      ],
                      "y": [
                        0,
                        0
                      ]
                    },
                    "t": 44,
                    "s": [
                      60,
                      60
                    ]
                  },
                  {
                    "t": 74,
                    "s": [
                      100,
                      100
                    ]
                  }
                ],
                "ix": 3
              },
              "r": {
                "a": 0,
                "k": 0,
                "ix": 6
              },
              "o": {
                "a": 1,
                "k": [
                  {
                    "i": {
                      "x": [
                        0.667
                      ],
                      "y": [
                        1
                      ]
                    },
                    "o": {
                      "x": [
                        0.333
                      ],
                      "y": [
                        0
                      ]
                    },
                    "t": 44,
                    "s": [
                      0
                    ]
                  },
                  {
                    "i": {
                      "x": [
                        0.667
                      ],
                      "y": [
                        1
                      ]
                    },
                    "o": {
                      "x": [
                        0.333
                      ],
                      "y": [
                        0
                      ]
                    },
                    "t": 54,
                    "s": [
                      100
                    ]
                  },
                  {
                    "t": 74,
                    "s": [
                      0
                    ]
                  }
                ],
                "ix": 7
              },
              "sk": {
                "a": 0,
                "k": 0,
                "ix": 4
              },
              "sa": {
                "a": 0,
                "k": 0,
                "ix": 5
              },
              "nm": "Transform"
            }
          ],
          "nm": "Ellipse 3",
          "np": 2,
          "cix": 2,
          "bm": 0,
          "ix": 1,
          "mn": "ADBE Vector Group",
          "hd": false
        },
        {
          "ty": "gr",
          "it": [
            {
              "d": 1,
              "ty": "el",
              "s": {
                "a": 0,
                "k": [
                  444,
                  444
                ],
                "ix": 2
              },
              "p": {
                "a": 0,
                "k": [
                  0,
                  0
                ],
                "ix": 3
              },
              "nm": "Ellipse Path",
              "mn": "ADBE Vector Shape - Ellipse",
              "hd": false
            },
            {
              "ty": "fl",
              "c": {
                "a": 0,
                "k": [
                  0.223529428244,
                  0.35686275363,
                  0.890196144581,
                  1
                ],
                "ix": 4
              },
              "o": {
                "a": 0,
                "k": 40,
                "ix": 5
              },
              "r": 1,
              "bm": 0,
              "nm": "Fill 1",
              "mn": "ADBE Vector Graphic - Fill",
              "hd": false
            },
            {
              "ty": "tr",
              "p": {
                "a": 0,
                "k": [
                  0,
                  0
                ],
                "ix": 2
              },
              "a": {
                "a": 0,
                "k": [
                  0,
                  0
                ],
                "ix": 1
              },
              "s": {
                "a": 1,
                "k": [
                  {
                    "i": {
                      "x": [
                        0.667,
                        0.667
                      ],
                      "y": [
                        1,
                        1
                      ]
                    },
                    "o": {
                      "x": [
                        0.333,
                        0.333
                      ],
                      "y": [
                        0,
                        0
                      ]
                    },
                    "t": 28,
                    "s": [
                      60,
                      60
                    ]
                  },
                  {
                    "t": 58,
                    "s": [
                      100,
                      100
                    ]
                  }
                ],
                "ix": 3
              },
              "r": {
                "a": 0,
                "k": 0,
                "ix": 6
              },
              "o": {
                "a": 1,
                "k": [
                  {
                    "i": {
                      "x": [
                        0.667
                      ],
                      "y": [
                        1
                      ]
                    },
                    "o": {
                      "x": [
                        0.333
                      ],
                      "y": [
                        0
                      ]
                    },
                    "t": 28,
                    "s": [
                      0
                    ]
                  },
                  {
                    "i": {
                      "x": [
                        0.667
                      ],
                      "y": [
                        1
                      ]
                    },
                    "o": {
                      "x": [
                        0.333
                      ],
                      "y": [
                        0
                      ]
                    },
                    "t": 38,
                    "s": [
                      100
                    ]
                  },
                  {
                    "t": 58,
                    "s": [
                      0
                    ]
                  }
                ],
                "ix": 7
              },
              "sk": {
                "a": 0,
                "k": 0,
                "ix": 4
              },
              "sa": {
                "a": 0,
                "k": 0,
                "ix": 5
              },
              "nm": "Transform"
            }
          ],
          "nm": "Ellipse 2",
          "np": 2,
          "cix": 2,
          "bm": 0,
          "ix": 2,
          "mn": "ADBE Vector Group",
          "hd": false
        },
        {
          "ty": "gr",
          "it": [
            {
              "d": 1,
              "ty": "el",
              "s": {
                "a": 0,
                "k": [
                  444,
                  444
                ],
                "ix": 2
              },
              "p": {
                "a": 0,
                "k": [
                  0,
                  0
                ],
                "ix": 3
              },
              "nm": "Ellipse Path",
              "mn": "ADBE Vector Shape - Ellipse",
              "hd": false
            },
            {
              "ty": "st",
              "c": {
                "a": 0,
                "k": [
                  0.164705887437,
                  0.196078449488,
                  0.749019622803,
                  1
                ],
                "ix": 3
              },
              "o": {
                "a": 0,
                "k": 100,
                "ix": 4
              },
              "w": {
                "a": 0,
                "k": 8,
                "ix": 5
              },
              "lc": 1,
              "lj": 1,
              "ml": 4,
              "bm": 0,
              "nm": "Stroke",
              "mn": "ADBE Vector Graphic - Stroke",
              "hd": false
            },
            {
              "ty": "tr",
              "p": {
                "a": 0,
                "k": [
                  0,
                  0
                ],
                "ix": 2
              },
              "a": {
                "a": 0,
                "k": [
                  0,
                  0
                ],
                "ix": 1
              },
              "s": {
                "a": 1,
                "k": [
                  {
                    "i": {
                      "x": [
                        0.667,
                        0.667
                      ],
                      "y": [
                        1,
                        1
                      ]
                    },
                    "o": {
                      "x": [
                        0.333,
                        0.333
                      ],
                      "y": [
                        0,
                        0
                      ]
                    },
                    "t": 21,
                    "s": [
                      60,
                      60
                    ]
                  },
                  {
                    "t": 42,
                    "s": [
                      100,
                      100
                    ]
                  }
                ],
                "ix": 3
              },
              "r": {
                "a": 0,
                "k": 0,
                "ix": 6
              },
              "o": {
                "a": 1,
                "k": [
                  {
                    "i": {
                      "x": [
                        0.667
                      ],
                      "y": [
                        1
                      ]
                    },
                    "o": {
                      "x": [
                        0.333
                      ],
                      "y": [
                        0
                      ]
                    },
                    "t": 21,
                    "s": [
                      0
                    ]
                  },
                  {
                    "i": {
                      "x": [
                        0.667
                      ],
                      "y": [
                        1
                      ]
                    },
                    "o": {
                      "x": [
                        0.333
                      ],
                      "y": [
                        0
                      ]
                    },
                    "t": 31,
                    "s": [
                      100
                    ]
                  },
                  {
                    "t": 42,
                    "s": [
                      0
                    ]
                  }
                ],
                "ix": 7
              },
              "sk": {
                "a": 0,
                "k": 0,
                "ix": 4
              },
              "sa": {
                "a": 0,
                "k": 0,
                "ix": 5
              },
              "nm": "Transform"
            }
          ],
          "nm": "Ellipse",
          "np": 2,
          "cix": 2,
          "bm": 0,
          "ix": 3,
          "mn": "ADBE Vector Group",
          "hd": false
        }
      ],
      "ip": 20.5,
      "op": 90,
      "st": -37,
      "bm": 0
    }
  ],
  "markers": []
}